{
	"pools": [
		{
			"rolls": 1,
			"entries": [
				{
					"type": "minecraft:item",
					"name": "minecraft:glowstone_dust",
					"functions": [
						{
							"function": "minecraft:set_count",
							"count": {
								"min": 0,
								"max": 2
							},
							"add": false
						},
						{
							"function": "minecraft:looting_enchant",
							"count": {
								"min": 0,
								"max": 1
							}
						},
						{
							"function": "minecraft:set_name",
							"entity": "this",
							"name": {
								"translate": "Pixie Dust",
								"color": "#FFD655",
								"italic": false
							}
						}
					]
				}
			]
		}
	]
}
