{
  "type": "minecraft:vegetation_patch",
  "config": {
    "surface": "floor",
    "depth": 1,
    "vertical_range": 1,
    "extra_bottom_block_chance": 0,
    "extra_edge_column_chance": 0,
    "vegetation_chance": 1,
    "xz_radius": 0,
    "replaceable": "far_end:flesh_tundra/surface_inner",
    "ground_state": {
      "type": "minecraft:simple_state_provider",
      "state": {
        "Name": "minecraft:bone_block",
        "Properties": {
          "axis": "y"
        }
      }
    },
    "vegetation_feature": {
      "feature": {
        "type": "minecraft:random_selector",
        "config": {
          "features": [
            {
              "chance": 0.5,
              "feature": {
                "feature": "far_end:tundra/tree/bone_rib",
                "placement": []
              }
            },
            {
              "chance": 0.5,
              "feature": {
                "feature": "far_end:tundra/tree/bone_fancy",
                "placement": []
              }
            }
          ],
          "default": {
            "feature": "far_end:nothing",
            "placement": []
          }
        }
      },
      "placement": []
    }
  }
}
