{
	"display": {
		"icon": {
			"item": "minecraft:leather_chestplate",
			"nbt": "{display:{color:12582912}}"
		},
		"title": {
			"translate": "Keep Warm!"
		},
		"description": {
			"translate": "Wear a full set of Leather Armor in any of the coldest biomes of The End"
		},
		"show_toast": true,
		"announce_to_chat": true,
		"hidden": false
	},
	"parent": "fokastudio:end/ender_adventurer",
	"criteria": {
		"keep_warm": {
			"trigger": "minecraft:location",
			"conditions": {
				"player": [
					{
						"condition": "minecraft:entity_properties",
						"entity": "this",
						"predicate": {
							"equipment": {
								"head": {
									"items": [
										"minecraft:leather_helmet"
									]
								},
								"chest": {
									"items": [
										"minecraft:leather_chestplate"
									]
								},
								"legs": {
									"items": [
										"minecraft:leather_leggings"
									]
								},
								"feet": {
									"items": [
										"minecraft:leather_boots"
									]
								}
							}
						}
					},
					{
						"condition": "minecraft:location_check",
						"predicate": {
							"biome": "fokastudio:snowy_warped_forest"
						}
					},
					{
						"condition": "minecraft:alternative",
						"terms": [
							{
								"condition": "minecraft:location_check",
								"predicate": {
									"biome": "fokastudio:frosted_hills"
								}
							}
						]
					}
				]
			}
		}
	},
	"requirements": [
		[
			"keep_warm"
		]
	]
}
