{
	"type": "minecraft:vegetation_patch",
	"config": {
		"surface": "ceiling",
		"depth": {
			"type": "minecraft:uniform",
			"value": {
				"min_inclusive": 1,
				"max_inclusive": 3
			}
		},
		"vertical_range": 5,
		"extra_bottom_block_chance": 0,
		"extra_edge_column_chance": 0.3,
		"vegetation_chance": 0.05,
		"xz_radius": {
			"type": "minecraft:uniform",
			"value": {
				"min_inclusive": 3,
				"max_inclusive": 7
			}
		},
		"replaceable": "#far_end:end_stone",
		"ground_state": {
			"type": "minecraft:simple_state_provider",
			"state": {
				"Name": "minecraft:end_stone"
			}
		},
		"vegetation_feature": {
			"feature": "fokastudio:global/stalactite_small",
			"placement": []
		}
	}
}
