{
	"temperature": 0.8,
	"downfall": 0.4,
	"precipitation": "none",
	"category": "the_end",
	"creature_spawn_probability": 0,
	"effects": {
		"sky_color": 7907327,
		"fog_color": 16636149,
		"water_color": 15979007,
		"water_fog_color": 329011,
		"grass_color": 3892594,
		"foliage_color": 11392511,
		"grass_color_modifier": "none",
		"ambient_sound": "ambient.underwater.loop",
		"mood_sound": {
			"sound": "ambient.underwater.loop.additions.rare",
			"tick_delay": 400,
			"block_search_extent": 10,
			"offset": 100
		},
		"additions_sound": {
			"sound": "ambient.underwater.loop.additions.ultra_rare",
			"tick_chance": 0.01
		},
		"particle": {
			"options": {
				"type": "dripping_dripstone_water"
			},
			"probability": 0.001
		}
	},
	"spawners": {
		"monster": [
			{
				"type": "minecraft:creeper",
				"weight": 1,
				"minCount": 3,
				"maxCount": 7
			}
		],
		"water_creature": [
			{
				"type": "minecraft:elder_guardian",
				"weight": 1,
				"minCount": 1,
				"maxCount": 1
			},
			{
				"type": "minecraft:tropical_fish",
				"weight": 200,
				"minCount": 0,
				"maxCount": 0
			},
			{
				"type": "minecraft:guardian",
				"weight": 20,
				"minCount": 1,
				"maxCount": 3
			}
		]
	},
	"spawn_costs": {},
	"carvers": {
		"air": [
			"far_end:surface_scar"
		]
	},
	"features": [
		[
			"fokastudio:global/stalactite_1",
			"fokastudio:global/stalactite_2",
			"fokastudio:prismarine_forest/prismarine_bottom"
		],
		[],
		[],
		[],
		[],
		[],
		[],
		[],
		[],
		[
			"fokastudio:prismarine_forest/trees",
			"fokastudio:prismarine_forest/vegetation",
			"fokastudio:prismarine_forest/grass",
			"fokastudio:prismarine_forest/light"
		],
		[
			"far_end:general/end_spike/center",
			"far_end:general/end_spike/ring",
			"fokastudio:global/strongholds"
		]
	]
}
