{
	"type": "minecraft:tree",
	"config": {
		"ignore_vines": true,
		"force_dirt": false,
		"minimum_size": {
			"type": "minecraft:three_layers_feature_size",
			"limit": 1,
			"upper_limit": 1,
			"lower_size": 0,
			"middle_size": 1,
			"upper_size": 2
		},
		"dirt_provider": {
			"type": "minecraft:simple_state_provider",
			"state": {
				"Name": "minecraft:dirt"
			}
		},
		"trunk_provider": {
			"type": "minecraft:simple_state_provider",
			"state": {
				"Name": "minecraft:spruce_log",
				"Properties": {
					"axis": "y"
				}
			}
		},
		"foliage_provider": {
			"type": "minecraft:weighted_state_provider",
			"entries": [
				{
					"weight": 1,
					"data": {
						"Name": "minecraft:budding_amethyst"
					}
				},
				{
					"weight": 3,
					"data": {
						"Name": "minecraft:shroomlight"
					}
				},
				{
					"weight": 40,
					"data": {
						"Name": "minecraft:amethyst_block"
					}
				}
			]
		},
		"trunk_placer": {
			"type": "minecraft:dark_oak_trunk_placer",
			"base_height": 12,
			"height_rand_a": 4,
			"height_rand_b": 0
		},
		"foliage_placer": {
			"type": "minecraft:dark_oak_foliage_placer",
			"radius": 2,
			"offset": 0
		},
		"decorators": [
			{
				"type": "minecraft:leave_vine"
			},
			{
				"type": "minecraft:alter_ground",
				"provider": {
					"type": "minecraft:weighted_state_provider",
					"entries": [
						{
							"weight": 10,
							"data": {
								"Name": "minecraft:grass_block",
								"Properties": {
									"snowy": "false"
								}
							}
						},
						{
							"weight": 1,
							"data": {
								"Name": "minecraft:magenta_stained_glass"
							}
						},
						{
							"weight": 1,
							"data": {
								"Name": "minecraft:purple_stained_glass"
							}
						},
						{
							"weight": 1,
							"data": {
								"Name": "minecraft:pink_stained_glass"
							}
						},
						{
							"weight": 1,
							"data": {
								"Name": "minecraft:tinted_glass"
							}
						}
					]
				}
			}
		]
	}
}
