{
	"pools": [
		{
			"rolls": 1,
			"entries": [
				{
					"type": "minecraft:item",
					"name": "minecraft:rotten_flesh",
					"functions": [
						{
							"function": "minecraft:set_name",
							"entity": "this",
							"name": {
								"text": "Living Flesh",
								"color": "#E53F3F",
								"italic": false
							}
						},
						{
							"function": "minecraft:set_nbt",
							"tag": "{foka.special_item:\"living_flesh\"}"
						},
						{
							"function": "minecraft:set_lore",
							"entity": "this",
							"lore": [
								{
									"translate": "You can feel it moving in your hands",
									"color": "#A70000",
									"italic": false
								}
							]
						}
					]
				}
			]
		}
	]
}
