{
	"pools": [
		{
			"rolls": 1,
			"entries": [
				{
					"type": "minecraft:item",
					"name": "minecraft:bow",
					"functions": [
						{
							"function": "minecraft:set_name",
							"entity": "this",
							"name": {
								"translate": "Sharanga",
								"color": "#FF6B6B",
								"italic": false
							}
						},
						{
							"function": "minecraft:set_nbt",
							"tag": "{CustomModelData:90000,foka.special_item:\"sharanga\",foka_durability:{enabled:1b,max_dur:294}}"
						},
						{
							"function": "minecraft:set_lore",
							"entity": "this",
							"lore": [
								{
									"translate": "Converts Spectral Arrows into",
									"color": "#EEEEEE",
									"italic": false
								},
								{
									"translate": "powerful Spectral Bolts",
									"color": "#EEEEEE",
									"italic": false
								}
							]
						}
					]
				}
			]
		}
	]
}
