{
	"pools": [
		{
			"rolls": 1,
			"entries": [
				{
					"type": "minecraft:item",
					"name": "minecraft:diamond_helmet",
					"functions": [
						{
							"function": "minecraft:set_lore",
							"entity": "this",
							"lore": [
								{
									"translate": "Ancient",
									"color": "magenta",
									"italic": false
								}
							]
						},
						{
							"function": "minecraft:set_damage",
							"damage": {
								"min": 0,
								"max": 362
							}
						},
						{
							"function": "minecraft:set_nbt",
							"tag": "{CustomModelData:90000,foka.special_item:\"ancient_armor\"}"
						},
						{
							"function": "minecraft:set_attributes",
							"modifiers": [
								{
									"attribute": "minecraft:generic.armor",
									"name": "",
									"amount": {
										"min": 2,
										"max": 4
									},
									"operation": "addition",
									"slot": "head"
								},
								{
									"attribute": "minecraft:generic.attack_speed",
									"name": "",
									"amount": {
										"min": 0.05,
										"max": 0.1
									},
									"operation": "addition",
									"slot": "head"
								},
								{
									"attribute": "minecraft:generic.attack_knockback",
									"name": "",
									"amount": {
										"min": 0.03,
										"max": 0.13
									},
									"operation": "addition",
									"slot": "head"
								}
							]
						},
						{
							"function": "minecraft:enchant_with_levels",
							"levels": {
								"min": 15,
								"max": 30
							},
							"treasure": true,
							"conditions": [
								{
									"condition": "minecraft:random_chance",
									"chance": 0.3
								}
							]
						},
						{
							"function": "minecraft:set_attributes",
							"modifiers": [
								{
									"attribute": "minecraft:generic.movement_speed",
									"name": "",
									"amount": {
										"min": 0.01,
										"max": 0.02
									},
									"operation": "addition",
									"slot": "head"
								}
							],
							"conditions": [
								{
									"condition": "minecraft:random_chance",
									"chance": 0.22222
								}
							]
						}
					]
				},
				{
					"type": "minecraft:item",
					"name": "minecraft:diamond_chestplate",
					"functions": [
						{
							"function": "minecraft:set_lore",
							"entity": "this",
							"lore": [
								{
									"translate": "Ancient",
									"color": "magenta",
									"italic": false
								}
							]
						},
						{
							"function": "minecraft:set_damage",
							"damage": {
								"min": 0,
								"max": 527
							}
						},
						{
							"function": "minecraft:set_nbt",
							"tag": "{CustomModelData:90000,foka.special_item:\"ancient_armor\"}"
						},
						{
							"function": "minecraft:set_attributes",
							"modifiers": [
								{
									"attribute": "minecraft:generic.armor",
									"name": "",
									"amount": {
										"min": 2,
										"max": 4
									},
									"operation": "addition",
									"slot": "chest"
								},
								{
									"attribute": "minecraft:generic.attack_speed",
									"name": "",
									"amount": {
										"min": 0.05,
										"max": 0.1
									},
									"operation": "addition",
									"slot": "chest"
								},
								{
									"attribute": "minecraft:generic.attack_knockback",
									"name": "",
									"amount": {
										"min": 0.03,
										"max": 0.13
									},
									"operation": "addition",
									"slot": "chest"
								}
							]
						},
						{
							"function": "minecraft:enchant_with_levels",
							"levels": {
								"min": 15,
								"max": 30
							},
							"treasure": true,
							"conditions": [
								{
									"condition": "minecraft:random_chance",
									"chance": 0.3
								}
							]
						},
						{
							"function": "minecraft:set_attributes",
							"modifiers": [
								{
									"attribute": "minecraft:generic.movement_speed",
									"name": "",
									"amount": {
										"min": 0.01,
										"max": 0.02
									},
									"operation": "addition",
									"slot": "chest"
								}
							],
							"conditions": [
								{
									"condition": "minecraft:random_chance",
									"chance": 0.22222
								}
							]
						}
					]
				},
				{
					"type": "minecraft:item",
					"name": "minecraft:diamond_leggings",
					"functions": [
						{
							"function": "minecraft:set_lore",
							"entity": "this",
							"lore": [
								{
									"translate": "Ancient",
									"color": "magenta",
									"italic": false
								}
							]
						},
						{
							"function": "minecraft:set_damage",
							"damage": {
								"min": 0,
								"max": 494
							}
						},
						{
							"function": "minecraft:set_nbt",
							"tag": "{CustomModelData:90000,foka.special_item:\"ancient_armor\"}"
						},
						{
							"function": "minecraft:set_attributes",
							"modifiers": [
								{
									"attribute": "minecraft:generic.armor",
									"name": "",
									"amount": {
										"min": 2,
										"max": 4
									},
									"operation": "addition",
									"slot": "legs"
								},
								{
									"attribute": "minecraft:generic.attack_speed",
									"name": "",
									"amount": {
										"min": 0.05,
										"max": 0.1
									},
									"operation": "addition",
									"slot": "legs"
								},
								{
									"attribute": "minecraft:generic.attack_knockback",
									"name": "",
									"amount": {
										"min": 0.03,
										"max": 0.13
									},
									"operation": "addition",
									"slot": "legs"
								}
							]
						},
						{
							"function": "minecraft:enchant_with_levels",
							"levels": {
								"min": 15,
								"max": 30
							},
							"treasure": true,
							"conditions": [
								{
									"condition": "minecraft:random_chance",
									"chance": 0.3
								}
							]
						},
						{
							"function": "minecraft:set_attributes",
							"modifiers": [
								{
									"attribute": "minecraft:generic.movement_speed",
									"name": "",
									"amount": {
										"min": 0.01,
										"max": 0.02
									},
									"operation": "addition",
									"slot": "legs"
								}
							],
							"conditions": [
								{
									"condition": "minecraft:random_chance",
									"chance": 0.22222
								}
							]
						}
					]
				},
				{
					"type": "minecraft:item",
					"name": "minecraft:diamond_boots",
					"functions": [
						{
							"function": "minecraft:set_lore",
							"entity": "this",
							"lore": [
								{
									"translate": "Ancient",
									"color": "magenta",
									"italic": false
								}
							]
						},
						{
							"function": "minecraft:set_damage",
							"damage": {
								"min": 0,
								"max": 428
							}
						},
						{
							"function": "minecraft:set_nbt",
							"tag": "{CustomModelData:90000,foka.special_item:\"ancient_armor\"}"
						},
						{
							"function": "minecraft:set_attributes",
							"modifiers": [
								{
									"attribute": "minecraft:generic.armor",
									"name": "",
									"amount": {
										"min": 2,
										"max": 4
									},
									"operation": "addition",
									"slot": "feet"
								},
								{
									"attribute": "minecraft:generic.attack_speed",
									"name": "",
									"amount": {
										"min": 0.05,
										"max": 0.1
									},
									"operation": "addition",
									"slot": "feet"
								},
								{
									"attribute": "minecraft:generic.attack_knockback",
									"name": "",
									"amount": {
										"min": 0.03,
										"max": 0.13
									},
									"operation": "addition",
									"slot": "feet"
								}
							]
						},
						{
							"function": "minecraft:enchant_with_levels",
							"levels": {
								"min": 15,
								"max": 30
							},
							"treasure": true,
							"conditions": [
								{
									"condition": "minecraft:random_chance",
									"chance": 0.3
								}
							]
						},
						{
							"function": "minecraft:set_attributes",
							"modifiers": [
								{
									"attribute": "minecraft:generic.movement_speed",
									"name": "",
									"amount": {
										"min": 0.01,
										"max": 0.02
									},
									"operation": "addition",
									"slot": "feet"
								}
							],
							"conditions": [
								{
									"condition": "minecraft:random_chance",
									"chance": 0.22222
								}
							]
						}
					]
				}
			]
		}
	]
}
