{
	"type": "minecraft:fishing",
	"pools": [
		{
			"rolls": 1,
			"bonus_rolls": 0,
			"entries": [
				{
					"type": "minecraft:item",
					"weight": 15,
					"name": "minecraft:cooked_cod",
					"functions": [
						{
							"function": "minecraft:set_count",
							"count": 1,
							"add": false
						},
						{
							"function": "minecraft:set_name",
							"entity": "this",
							"name": {
								"translate": "Overgrown Cod",
								"color": "#A24AFF",
								"italic": false
							}
						},
						{
							"function": "minecraft:set_nbt",
							"tag": "{CustomModelData:90003,foka.special_item:\"overgrown_cod\"}"
						}
					]
				},
				{
					"type": "minecraft:item",
					"weight": 1,
					"name": "minecraft:cooked_cod",
					"functions": [
						{
							"function": "minecraft:set_count",
							"count": {
								"min": 2,
								"max": 5
							},
							"add": false
						},
						{
							"function": "minecraft:set_name",
							"entity": "this",
							"name": {
								"translate": "Overgrown Cod",
								"color": "#A24AFF",
								"italic": false
							}
						},
						{
							"function": "minecraft:set_nbt",
							"tag": "{CustomModelData:90003,foka.special_item:\"overgrown_cod\"}"
						}
					]
				}
			]
		}
	]
}
