{
	"type": "minecraft:fishing",
	"pools": [
		{
			"rolls": 1,
			"bonus_rolls": 0,
			"entries": [
				{
					"type": "minecraft:item",
					"weight": 40,
					"name": "minecraft:cooked_cod",
					"functions": [
						{
							"function": "minecraft:set_count",
							"count": 1,
							"add": false
						},
						{
							"function": "minecraft:set_name",
							"entity": "this",
							"name": {
								"translate": "Crimson Tigerfish",
								"color": "#C24747",
								"italic": false
							}
						},
						{
							"function": "minecraft:set_nbt",
							"tag": "{CustomModelData:90004,foka.special_item:\"crimson_tigerfish\"}"
						}
					]
				},
				{
					"type": "minecraft:item",
					"weight": 30,
					"name": "minecraft:cooked_cod",
					"functions": [
						{
							"function": "minecraft:set_count",
							"count": 1,
							"add": false
						},
						{
							"function": "minecraft:set_name",
							"entity": "this",
							"name": {
								"translate": "Fleshy Piranha",
								"color": "#C24747",
								"italic": false
							}
						},
						{
							"function": "minecraft:set_nbt",
							"tag": "{CustomModelData:90005,foka.special_item:\"fleshy_piranha\"}"
						}
					]
				},
				{
					"type": "minecraft:loot_table",
					"weight": 4,
					"name": "fokastudio:end/items/living_flesh",
					"functions": [
						{
							"function": "minecraft:set_count",
							"count": {
								"min": 2,
								"max": 6
							},
							"add": false
						}
					]
				},
				{
					"type": "minecraft:item",
					"weight": 15,
					"name": "minecraft:barrel",
					"functions": [
						{
							"function": "minecraft:set_loot_table",
							"type": "minecraft:barrel",
							"name": "fokastudio:end/void_fishing/crates/hematic"
						},
						{
							"function": "minecraft:set_name",
							"entity": "this",
							"name": {
								"translate": "Hematic Crate",
								"color": "#900000",
								"italic": false
							}
						},
						{
							"function": "minecraft:set_lore",
							"entity": "this",
							"lore": [
								{
									"translate": "Place and open!",
									"color": "#EEEEEE",
									"italic": false
								}
							]
						}
					]
				}
			]
		}
	]
}
