{
	"type": "minecraft:fishing",
	"pools": [
		{
			"rolls": 1,
			"bonus_rolls": 0,
			"entries": [
				{
					"type": "minecraft:item",
					"name": "minecraft:cooked_cod",
					"functions": [
						{
							"function": "minecraft:set_count",
							"count": 1,
							"add": false
						},
						{
							"function": "minecraft:set_name",
							"entity": "this",
							"name": {
								"translate": "Frost Minnow",
								"color": "#9FEEF1",
								"italic": false
							}
						},
						{
							"function": "minecraft:set_nbt",
							"tag": "{CustomModelData:90006,foka.special_item:\"frost_minnow\"}"
						}
					]
				},
				{
					"type": "minecraft:item",
					"weight": 15,
					"name": "minecraft:barrel",
					"functions": [
						{
							"function": "minecraft:set_loot_table",
							"type": "minecraft:barrel",
							"name": "fokastudio:end/void_fishing/crates/frozen"
						},
						{
							"function": "minecraft:set_name",
							"entity": "this",
							"name": {
								"translate": "Frozen Crate",
								"color": "#9FC9F1",
								"italic": false
							}
						},
						{
							"function": "minecraft:set_lore",
							"entity": "this",
							"lore": [
								{
									"translate": "Place and open!",
									"color": "#EEEEEE",
									"italic": false
								}
							]
						}
					]
				}
			]
		}
	]
}
