{
	"pools": [
		{
			"rolls": 1,
			"entries": [
				{
					"type": "minecraft:item",
					"weight": 50,
					"name": "minecraft:cooked_cod",
					"functions": [
						{
							"function": "minecraft:set_count",
							"count": 1,
							"add": false
						},
						{
							"function": "minecraft:set_name",
							"entity": "this",
							"name": {
								"translate": "Bubblefish",
								"color": "#9FEEF1",
								"italic": false
							}
						},
						{
							"function": "minecraft:set_nbt",
							"tag": "{CustomModelData:90008,foka.special_item:\"bubblefish\"}"
						}
					]
				},
				{
					"type": "minecraft:item",
					"weight": 15,
					"name": "minecraft:barrel",
					"functions": [
						{
							"function": "minecraft:set_loot_table",
							"type": "minecraft:barrel",
							"name": "fokastudio:end/void_fishing/crates/prismarine"
						},
						{
							"function": "minecraft:set_name",
							"entity": "this",
							"name": {
								"translate": "Prismarine Crate",
								"color": "#27DBFF",
								"italic": false
							}
						},
						{
							"function": "minecraft:set_lore",
							"entity": "this",
							"lore": [
								{
									"translate": "Place and open!",
									"color": "#EEEEEE",
									"italic": false
								}
							]
						}
					]
				}
			]
		}
	]
}
