{
	"type": "minecraft:vegetation_patch",
	"config": {
		"surface": "floor",
		"depth": 1,
		"vertical_range": 3,
		"extra_bottom_block_chance": 0,
		"extra_edge_column_chance": 0.5,
		"vegetation_chance": 0.06,
		"xz_radius": {
			"type": "minecraft:uniform",
			"value": {
				"min_inclusive": 5,
				"max_inclusive": 7
			}
		},
		"replaceable": "#minecraft:terracotta",
		"ground_state": {
			"type": "minecraft:weighted_state_provider",
			"entries": [
				{
					"weight": 12,
					"data": {
						"Name": "minecraft:mycelium",
						"Properties": {
							"snowy": "false"
						}
					}
				},
				{
					"weight": 6,
					"data": {
						"Name": "minecraft:white_terracotta"
					}
				},
				{
					"weight": 1,
					"data": {
						"Name": "minecraft:glowstone"
					}
				},
				{
					"weight": 3,
					"data": {
						"Name": "minecraft:prismarine"
					}
				},
				{
					"weight": 15,
					"data": {
						"Name": "minecraft:light_blue_terracotta"
					}
				}
			]
		},
		"vegetation_feature": {
			"feature": "fokastudio:glowshroom_valley/fungi",
			"placement": []
		}
	}
}
