{
	"type": "minecraft:chest",
	"pools": [
		{
			"rolls": {
				"type": "minecraft:uniform",
				"min": 8,
				"max": 11
			},
			"bonus_rolls": 0,
			"entries": [
				{
					"type": "minecraft:item",
					"weight": 25,
					"name": "minecraft:book",
					"functions": [
						{
							"function": "minecraft:set_count",
							"count": {
								"type": "minecraft:uniform",
								"min": 1,
								"max": 5
							},
							"add": false
						}
					]
				},
				{
					"type": "minecraft:item",
					"weight": 30,
					"name": "minecraft:paper",
					"functions": [
						{
							"function": "minecraft:set_count",
							"count": {
								"type": "minecraft:uniform",
								"min": 2,
								"max": 13
							},
							"add": false
						}
					]
				},
				{
					"type": "minecraft:item",
					"weight": 7,
					"name": "minecraft:map"
				},
				{
					"type": "minecraft:item",
					"name": "minecraft:compass"
				},
				{
					"type": "minecraft:item",
					"weight": 12,
					"name": "minecraft:book",
					"functions": [
						{
							"function": "minecraft:enchant_with_levels",
							"levels": 50,
							"treasure": true
						}
					]
				},
				{
					"type": "minecraft:item",
					"name": "minecraft:recovery_compass",
					"weight": 2
				},
				{
					"type": "minecraft:item",
					"weight": 2,
					"name": "minecraft:obsidian",
					"functions": [
						{
							"function": "minecraft:set_count",
							"count": {
								"min": 2,
								"max": 6
							},
							"add": false
						}
					]
				},
				{
					"type": "minecraft:tag",
					"name": "minecraft:candles",
					"expand": true,
					"functions": [
						{
							"function": "minecraft:set_count",
							"count": {
								"min": 1,
								"max": 4
							},
							"add": false
						}
					]
				},
				{
					"type": "minecraft:item",
					"name": "minecraft:wither_skeleton_skull",
					"functions": [
						{
							"function": "minecraft:set_count",
							"count": 1,
							"add": false
						}
					],
					"conditions": [
						{
							"condition": "minecraft:random_chance",
							"chance": 0.37777
						}
					]
				}
			]
		}
	]
}
