{
	"type": "minecraft:chest",
	"pools": [
		{
			"rolls": {
				"type": "minecraft:uniform",
				"min": 8,
				"max": 11
			},
			"bonus_rolls": 0,
			"entries": [
				{
					"type": "minecraft:item",
					"weight": 20,
					"name": "minecraft:book",
					"functions": [
						{
							"function": "minecraft:set_count",
							"count": {
								"type": "minecraft:uniform",
								"min": 1,
								"max": 3
							},
							"add": false
						}
					]
				},
				{
					"type": "minecraft:item",
					"weight": 20,
					"name": "minecraft:paper",
					"functions": [
						{
							"function": "minecraft:set_count",
							"count": {
								"type": "minecraft:uniform",
								"min": 2,
								"max": 7
							},
							"add": false
						}
					]
				},
				{
					"type": "minecraft:item",
					"name": "minecraft:map"
				},
				{
					"type": "minecraft:item",
					"name": "minecraft:compass"
				},
				{
					"type": "minecraft:item",
					"weight": 14,
					"name": "minecraft:book",
					"functions": [
						{
							"function": "minecraft:enchant_with_levels",
							"levels": 30,
							"treasure": true
						}
					]
				}
			]
		}
	]
}
