{
	"type": "minecraft:vegetation_patch",
	"config": {
		"surface": "floor",
		"depth": 1,
		"vertical_range": 5,
		"extra_bottom_block_chance": 0,
		"extra_edge_column_chance": 0.5,
		"vegetation_chance": 0.8,
		"xz_radius": {
			"type": "minecraft:uniform",
			"value": {
				"min_inclusive": 4,
				"max_inclusive": 7
			}
		},
		"replaceable": "#far_end:end_stone",
		"ground_state": {
			"type": "minecraft:weighted_state_provider",
			"entries": [
				{
					"weight": 12,
					"data": {
						"Name": "minecraft:coarse_dirt"
					}
				},
				{
					"weight": 50,
					"data": {
						"Name": "minecraft:grass_block",
						"Properties": {
							"snowy": "false"
						}
					}
				},
				{
					"weight": 32,
					"data": {
						"Name": "minecraft:end_stone"
					}
				},
				{
					"weight": 1,
					"data": {
						"Name": "minecraft:purpur_block"
					}
				},
				{
					"weight": 6,
					"data": {
						"Name": "minecraft:dripstone_block"
					}
				}
			]
		},
		"vegetation_feature": {
			"feature": {
				"type": "minecraft:simple_block",
				"config": {
					"to_place": {
						"type": "minecraft:weighted_state_provider",
						"entries": [
							{
								"weight": 100,
								"data": {
									"Name": "minecraft:tall_grass",
									"Properties": {
										"half": "lower"
									}
								}
							},
							{
								"weight": 140,
								"data": {
									"Name": "minecraft:grass"
								}
							},
							{
								"weight": 1,
								"data": {
									"Name": "minecraft:wither_rose"
								}
							},
							{
								"weight": 25,
								"data": {
									"Name": "minecraft:acacia_leaves",
									"Properties": {
										"distance": "1",
										"persistent": "true"
									}
								}
							},
							{
								"weight": 8,
								"data": {
									"Name": "minecraft:dead_bush"
								}
							},
							{
								"weight": 20,
								"data": {
									"Name": "minecraft:crimson_roots"
								}
							},
							{
								"weight": 20,
								"data": {
									"Name": "minecraft:warped_roots"
								}
							},
							{
								"weight": 6,
								"data": {
									"Name": "minecraft:crimson_fungus"
								}
							},
							{
								"weight": 6,
								"data": {
									"Name": "minecraft:warped_fungus"
								}
							},
							{
								"weight": 3,
								"data": {
									"Name": "minecraft:soul_lantern",
									"Properties": {
										"hanging": "false",
										"waterlogged": "false"
									}
								}
							}
						]
					}
				}
			},
			"placement": []
		}
	}
}
