{
	"type": "minecraft:root_system",
	"config": {
		"required_vertical_space_for_tree": 1,
		"root_radius": 4,
		"root_placement_attempts": 40,
		"root_column_max_height": 100,
		"hanging_root_radius": 4,
		"hanging_roots_vertical_span": 5,
		"hanging_root_placement_attempts": 40,
		"allowed_vertical_water_for_tree": 5,
		"root_replaceable": "#fokastudio:amethyst_forest/roots_replacable",
		"root_state_provider": {
			"type": "minecraft:weighted_state_provider",
			"entries": [
				{
					"weight": 1,
					"data": {
						"Name": "minecraft:coarse_dirt"
					}
				},
				{
					"weight": 1,
					"data": {
						"Name": "minecraft:dirt"
					}
				},
				{
					"weight": 1,
					"data": {
						"Name": "minecraft:rooted_dirt"
					}
				}
			]
		},
		"hanging_root_state_provider": {
			"type": "minecraft:simple_state_provider",
			"state": {
				"Name": "minecraft:amethyst_cluster",
				"Properties": {
					"facing": "down",
					"waterlogged": "false"
				}
			}
		},
		"allowed_tree_position": {
			"type": "minecraft:all_of",
			"predicates": [
				{
					"type": "minecraft:matching_blocks",
					"blocks": [
						"minecraft:air"
					]
				},
				{
					"type": "minecraft:matching_blocks",
					"offset": [
						0,
						-1,
						0
					],
					"blocks": [
						"minecraft:grass_block"
					]
				}
			]
		},
		"feature": {
			"feature": {
				"type": "minecraft:tree",
				"config": {
					"minimum_size": {
						"type": "minecraft:two_layers_feature_size"
					},
					"dirt_provider": {
						"type": "minecraft:simple_state_provider",
						"state": {
							"Name": "minecraft:dirt"
						}
					},
					"trunk_provider": {
						"type": "minecraft:simple_state_provider",
						"state": {
							"Name": "minecraft:acacia_log",
							"Properties": {
								"axis": "y"
							}
						}
					},
					"foliage_provider": {
						"type": "minecraft:weighted_state_provider",
						"entries": [
							{
								"weight": 1,
								"data": {
									"Name": "minecraft:jungle_leaves",
									"Properties": {
										"distance": "1",
										"persistent": "true"
									}
								}
							},
							{
								"weight": 3,
								"data": {
									"Name": "minecraft:acacia_leaves",
									"Properties": {
										"distance": "1",
										"persistent": "true"
									}
								}
							},
							{
								"weight": 3,
								"data": {
									"Name": "minecraft:oak_leaves",
									"Properties": {
										"distance": "1",
										"persistent": "true"
									}
								}
							}
						]
					},
					"trunk_placer": {
						"type": "minecraft:dark_oak_trunk_placer",
						"base_height": 7,
						"height_rand_a": 2,
						"height_rand_b": 6
					},
					"foliage_placer": {
						"type": "minecraft:random_spread_foliage_placer",
						"radius": {
							"type": "minecraft:uniform",
							"value": {
								"min_inclusive": 3,
								"max_inclusive": 5
							}
						},
						"offset": {
							"type": "minecraft:uniform",
							"value": {
								"min_inclusive": 0,
								"max_inclusive": 7
							}
						},
						"foliage_height": {
							"type": "minecraft:uniform",
							"value": {
								"min_inclusive": 6,
								"max_inclusive": 9
							}
						},
						"leaf_placement_attempts": 256
					},
					"decorators": [
						{
							"type": "minecraft:trunk_vine"
						}
					]
				}
			},
			"placement": []
		}
	}
}
